"Sequence","CutLocation","FiveCutSite","ThreeCutSite","Seq","fivesplit","threesplit","revcompSeq","Library"
"1","CNNNNNNNNNNN/NNNNNNNNNG","Within",12,12,"CNNNNNNNNNNNNNNNNNNNNG",NA,NA,"CNNNNNNNNNNNNNNNNNNNNG","AbaSI"
"2","CTGAAG(16/14)","Outside",22,20,"CTGAAG","CTGAAGNNNNNNNNNNNNNNNN","N","CTTCAG","AcuI"
"3","C/TTAAG","Within",1,1,"CTTAAG",NA,NA,"CTTAAG","AflII"
"4","A/CRYGT","Within",1,1,"ACRYGT",NA,NA,"ACRYGT","AflIII"
"5","AG/CT","Within",2,2,"AGCT",NA,NA,"AGCT","AluI"
"6","GGATC(4/5)","Outside",9,10,"GGATC","GGATCNNNN","N","GATCC","AlwI"
"7","CAGNNN/CTG","Within",6,6,"CAGNNNCTG",NA,NA,"CAGNNNCTG","AlwNI"
"8","R/AATTY","Within",1,1,"RAATTY",NA,NA,"RAATTY","ApoI"
"9","AT/TAAT","Within",2,2,"ATTAAT",NA,NA,"ATTAAT","AseI"
"10","C/CTAGG","Within",1,1,"CCTAGG",NA,NA,"CCTAGG","AvrII"
"11","GKGCM/C","Within",5,5,"GKGCMC",NA,NA,"GKGCMC","BaeGI"
"12","G/GATCC","Within",1,1,"GGATCC",NA,NA,"GGATCC","BamHI"
"13","GRGCY/C","Within",5,5,"GRGCYC",NA,NA,"GRGCYC","BanII"
"14","GAAGAC(2/6)","Outside",8,12,"GAAGAC","GAAGACNN","N","GTCTTC","BbsI"
"15","GCAGC(8/12)","Outside",13,17,"GCAGC","GCAGCNNNNNNNN","N","GCTGC","BbvI"
"16","CCATC(4/5)","Outside",9,10,"CCATC","CCATCNNNN","N","GATGG","BccI"
"17","GTATCC(6/5)","Outside",12,11,"GTATCC","GTATCCNNNNNN","N","GGATAC","BciVI"
"18","T/GATCA","Within",1,1,"TGATCA","TRUE",NA,"TGATCA","BclI"
"19","C/TAG","Within",1,1,"CTAG",NA,NA,"CTAG","BfaI"
"20","A/GATCT","Within",1,1,"AGATCT",NA,NA,"AGATCT","BglII"
"21","GC/TNAGC","Within",2,2,"GCTNAGC",NA,NA,"GCTNAGC","BlpI"
"22","ACTGGG(5/4)","Outside",11,10,"ACTGGG","ACTGGGNNNNN","N","CCCAGT","BmrI"
"23","GCTAG/C","Within",5,5,"GCTAGC",NA,NA,"GCTAGC","BmtI"
"24","CTGGAG(16/14)","Outside",22,20,"CTGGAG","CTGGAGNNNNNNNNNNNNNNNN","N","CTCCAG","BpmI"
"25","CTTGAG(16/14)","Outside",22,20,"CTTGAG","CTTGAGNNNNNNNNNNNNNNNN","N","CTCAAG","BpuEI"
"26","CCTNAGC(-5/-2)","Outside",2,5,"CCTNAGC","CC","TNAGC","GCTNAGG","Bpu10I"
"27","C/CNNGG","Within",1,1,"CCNNGG",NA,NA,"CCNNGG","BsaJI"
"28","W/CCGGW","Within",1,1,"WCCGGW",NA,NA,"WCCGGW","BsaWI"
"29","(9/12)ACNNNNNCTCC(10/7)","Outside",9,12,"ACNNNNNCTCC","NNNNNNNNN","N","GGAGNNNNNGT","BsaXI"
"30","GAGGAG(10/8)","Outside",16,14,"GAGGAG","GAGGAGNNNNNNNNNN","N","CTCCTC","BseRI"
"31","GTGCAG(16/14)","Outside",22,20,"GTGCAG","GTGCAGNNNNNNNNNNNNNNNN","N","CTGCAC","BsgI"
"32","GWGCW/C","Within",5,5,"GWGCWC",NA,NA,"GWGCWC","BsiHKAI"
"33","GAATGC(1/-1)","Outside",7,5,"GAATGC","GAATGCN","N","GCATTC","BsmI"
"34","C/YCGRG","Within",1,1,"CYCGRG",NA,NA,"CYCGRG","BsoBI"
"35","CTCAG(9/7)","Outside",14,12,"CTCAG","CTCAGNNNNNNNNN","N","CTGAG","BspCNI"
"36","T/CATGA","Within",1,1,"TCATGA","TRUE",NA,"TCATGA","BspHI"
"37","GDGCH/C","Within",5,5,"GDGCHC",NA,NA,"GDGCHC","Bsp1286I"
"38","ACCTGC(4/8)","Outside",10,14,"ACCTGC","ACCTGCNNNN","N","GCAGGT","BspMI"
"39","GCTCTTC(1/4)","Outside",8,11,"GCTCTTC","GCTCTTCN","N","GAAGAGC","BspQI"
"40","GCAATG(2/0)","Outside",8,6,"GCAATG","GCAATGNN","N","CATTGC","BsrDI"
"41","T/GTACA","Within",1,1,"TGTACA","TRUE",NA,"TGTACA","BsrGI"
"42","ACTGG(1/-1)","Outside",6,4,"ACTGG","ACTGGN","N","CCAGT","BsrI"
"43","CACGAG(-5/-1)","Outside",1,5,"CACGAG","C","ACGAG","CTCGTG","BssSI"
"44","G/GTNACC","Within",1,1,"GGTNACC",NA,NA,"GGTNACC","BstEII"
"45","CC/WGG","Within",2,2,"CCWGG",NA,NA,"CCWGG","BstNI"
"46","CCANNNNN/NTGG","Within",8,8,"CCANNNNNNTGG",NA,NA,"CCANNNNNNTGG","BstXI"
"47","R/GATCY","Within",1,1,"RGATCY",NA,NA,"RGATCY","BstYI"
"48","CC/TNAGG","Within",2,2,"CCTNAGG",NA,NA,"CCTNAGG","Bsu36I"
"49","C/CRYGG","Within",1,1,"CCRYGG",NA,NA,"CCRYGG","BtgI"
"50","GGATG(2/0)","Outside",7,5,"GGATG","GGATGNN","N","CATCC","BtsCI"
"51","CAGTG(2/0)","Outside",7,5,"CAGTG","CAGTGNN","N","CACTG","BtsIMutI"
"52","GCAGTG(2/0)","Outside",8,6,"GCAGTG","GCAGTGNN","N","CACTGC","BtsI"
"53","(11/13)CAANNNNNGTGG(12/10)","Outside",11,13,"CAANNNNNGTGG","NNNNNNNNNNN","N","CCACNNNNNTTG","CspCI"
"54","C/ATG","Within",1,1,"CATG",NA,NA,"CATG","CviAII"
"55","RG/CY","Within",2,2,"RGCY",NA,NA,"RGCY","CviKI"
"56","G/TAC","Within",1,1,"GTAC",NA,NA,"GTAC","CviQI"
"57","C/TNAG","Within",1,1,"CTNAG",NA,NA,"CTNAG","DdeI"
"58","/GATC","Within",0,0,"GATC",NA,NA,"GATC","DpnII"
"59","TTT/AAA","Within",3,3,"TTTAAA",NA,NA,"TTTAAA","DraI"
"60","CCTNN/NNNAGG","Within",5,5,"CCTNNNNNAGG",NA,NA,"CCTNNNNNAGG","EcoNI"
"61","RG/GNCCY","Within",2,2,"RGGNCCY",NA,NA,"RGGNCCY","EcoO109I"
"62","CAGCAG(25/27)","Outside",31,33,"CAGCAG","CAGCAGNNNNNNNNNNNNNNNNNNNNNNNNN","N","CTGCTG","EcoP15I"
"63","/CATG","Within",0,0,"CATG",NA,NA,"CATG","FatI"
"64","CC(12/16)","Outside",14,18,"CC","CCNNNNNNNNNNNN","N","GG","FspEI"
"65","GG/CC","Within",2,2,"GGCC",NA,NA,"GGCC","HaeIII"
"66","A/AGCTT","Within",1,1,"AAGCTT",NA,NA,"AAGCTT","HindIII"
"67","GGTGA(8/7)","Outside",13,12,"GGTGA","GGTGANNNNNNNN","N","TCACC","HphI"
"68","ACN/GT","Within",3,3,"ACNGT",NA,NA,"ACNGT","HpyCH4III"
"69","TG/CA","Within",2,2,"TGCA",NA,NA,"TGCA","HpyCH4V"
"70","TCN/GA","Within",3,3,"TCNGA",NA,NA,"TCNGA","Hpy188I"
"71","GGTAC/C","Within",5,5,"GGTACC",NA,NA,"GGTACC","KpnI"
"72","CCDG(10/14)","Outside",14,18,"CCDG","CCDGNNNNNNNNNN","N","CHGG","LpnPI"
"73","GAAGA(8/7)","Outside",13,12,"GAAGA","GAAGANNNNNNNN","N","TCTTC","MboII"
"74","C/AATTG","Within",1,1,"CAATTG",NA,NA,"CAATTG","MfeI"
"75","/AATT","Within",0,0,"AATT",NA,NA,"AATT","MluCI"
"76","GAGTC(5/5)","Outside",10,10,"GAGTC","GAGTCNNNNN","N","GACTC","MlyI"
"77","CCTC(7/6)","Outside",11,10,"CCTC","CCTCNNNNNNN","N","GAGG","MnlI"
"78","TGG/CCA","Within",3,3,"TGGCCA",NA,NA,"TGGCCA","MscI"
"79","T/TAA","Within",1,1,"TTAA","TRUE",NA,"TTAA","MseI"
"80","CAYNN/NNRTG","Within",5,5,"CAYNNNNRTG",NA,NA,"CAYNNNNRTG","MslI"
"81","C/CGG","Within",1,1,"CCGG",NA,NA,"CCGG","MspI"
"82","CNNR(9/13)","Outside",13,17,"CNNR","CNNRNNNNNNNNN","N","YNNG","MspJI"
"83","C/CATGG","Within",1,1,"CCATGG",NA,NA,"CCATGG","NcoI"
"84","CA/TATG","Within",2,2,"CATATG",NA,NA,"CATATG","NdeI"
"85","CATG/","Within",4,4,"CATG",NA,NA,"CATG","NlaIII"
"86","GCCGAG(21/19)","Outside",27,25,"GCCGAG","GCCGAGNNNNNNNNNNNNNNNNNNNNN","N","CTCGGC","NmeAIII"
"87","ATGCA/T","Within",5,5,"ATGCAT",NA,"TRUE","ATGCAT","NsiI"
"88","RCATG/Y","Within",5,5,"RCATGY",NA,NA,"RCATGY","NspI"
"89","TTAAT/TAA","Within",5,5,"TTAATTAA",NA,NA,"TTAATTAA","PacI"
"90","A/CATGT","Within",1,1,"ACATGT",NA,NA,"ACATGT","PciI"
"91","GACN/NNGTC","Within",4,4,"GACNNNGTC",NA,NA,"GACNNNGTC","PflFI"
"92","CCANNNN/NTGG","Within",7,7,"CCANNNNNTGG",NA,NA,"CCANNNNNTGG","PflMI"
"93","RG/GWCCY","Within",2,2,"RGGWCCY",NA,NA,"RGGWCCY","PpuMI"
"94","TTA/TAA","Within",3,3,"TTATAA",NA,NA,"TTATAA","PsiI"
"95","/CCWGG","Within",0,0,"CCWGG",NA,NA,"CCWGG","PspGI"
"96","CTGCA/G","Within",5,5,"CTGCAG",NA,NA,"CTGCAG","PstI"
"97","CAG/CTG","Within",3,3,"CAGCTG",NA,NA,"CAGCTG","PvuII"
"98","GCTCTTC(1/4)","Outside",8,11,"GCTCTTC","GCTCTTCN","N","GAAGAGC","SapI"
"99","CCTGCA/GG","Within",6,6,"CCTGCAGG",NA,NA,"CCTGCAGG","SbfI"
"100","AGT/ACT","Within",3,3,"AGTACT",NA,NA,"AGTACT","ScaI"
"101","A/CCWGGT","Within",1,1,"ACCWGGT",NA,NA,"ACCWGGT","SexAI"
"102","C/TRYAG","Within",1,1,"CTRYAG",NA,NA,"CTRYAG","SfcI"
"103","C/TYRAG","Within",1,1,"CTYRAG",NA,NA,"CTYRAG","SmlI"
"104","A/CTAGT","Within",1,1,"ACTAGT",NA,NA,"ACTAGT","SpeI"
"105","GCATG/C","Within",5,5,"GCATGC",NA,NA,"GCATGC","SphI"
"106","AAT/ATT","Within",3,3,"AATATT",NA,NA,"AATATT","SspI"
"107","AGG/CCT","Within",3,3,"AGGCCT",NA,NA,"AGGCCT","StuI"
"108","C/CWWGG","Within",1,1,"CCWWGG",NA,NA,"CCWWGG","StyI"
"109","ATTT/AAAT","Within",4,4,"ATTTAAAT",NA,NA,"ATTTAAAT","SwaI"
"110","T/CGA","Within",1,1,"TCGA","TRUE",NA,"TCGA","TaqI"
"111","/GTSAC","Within",0,0,"GTSAC",NA,NA,"GTSAC","Tsp45I"
"112","NNCASTGNN/","Within",9,9,"NNCASTGNN",NA,NA,"NNCASTGNN","TspRI"
"113","GACN/NNGTC","Within",4,4,"GACNNNGTC",NA,NA,"GACNNNGTC","Tth111I"
"114","T/CTAGA","Within",1,1,"TCTAGA","TRUE",NA,"TCTAGA","XbaI"
"115","CCANNNNN/NNNNTGG","Within",8,8,"CCANNNNNNNNNTGG",NA,NA,"CCANNNNNNNNNTGG","XcmI"
"116","GAANN/NNTTC","Within",5,5,"GAANNNNTTC",NA,NA,"GAANNNNTTC","XmnI"
