"Enzyme","Sequence","Activity in Buffer 1.1","Activity in Buffer 2.1","Activity in Buffer 3.1","Activity in CutSmart Buffer","Inactivation Temp","Incubation Temp"
"3","AatII","GACGT/C","","50*","50","100","80°C","37°C"
"4","AbaSI","CNNNNNNNNNNN/NNNNNNNNNG","25","50","50","100","65°C","25°C"
"5","Acc65I","G/GTACC","10","75*","100","25","65°C","37°C"
"6","AccI","GT/MKAC","50","50","10","100","80°C","37°C"
"7","AciI","CCGC(-3/-1)","","25","100","100","65°C","37°C"
"8","AclI","AA/CGTT","","","","100","No","37°C"
"9","AcuI","CTGAAG(16/14)","50","100","50","100","65°C","37°C"
"10","AfeI","AGC/GCT","25","100","25","100","65°C","37°C"
"11","AflII","C/TTAAG","50","100","10","100","65°C","37°C"
"12","AflIII","A/CRYGT","10","50","100","50","80°C","37°C"
"13","AgeI-HF®","A/CCGGT","100","50","10","100","65°C","37°C"
"14","AhdI","GACNNN/NNGTC","25","25","10","100","65°C","37°C"
"15","AleI-v2","CACNN/NNGTG","","","","100","65°C","37°C"
"16","AluI","AG/CT","25","100","50","100","80°C","37°C"
"17","AlwI","GGATC(4/5)","50","50","10","100","No","37°C"
"18","AlwNI","CAGNNN/CTG","10","100","50","100","80°C","37°C"
"19","ApaI","GGGCC/C","25","25","","100","65°C","37°C"
"20","ApaLI","G/TGCAC","100","100","10","100","No","37°C"
"21","ApeKI","G/CWGC","25","50","100","10","No","75°C"
"22","ApoI §","R/AATTY","10","75","100","75","80°C","50°C"
"23","ApoI-HF","R/AATTY","10","100","10","100","80°C","37°C"
"24","AscI","GG/CGCGCC","","10","10","100","80°C","37°C"
"25","AseI","AT/TAAT","","50*","100","10","65°C","37°C"
"26","AsiSI","GCGAT/CGC","100","100","25","100","80°C","37°C"
"27","AvaI","C/YCGRG","","100","25","100","80°C","37°C"
"28","AvaII","G/GWCC","50","75","10","100","80°C","37°C"
"29","AvrII","C/CTAGG","100","50","50","100","No","37°C"
"30","BaeGI","GKGCM/C","75","75","100","25","80°C","37°C"
"31","BaeI","(10/15)ACNNNNGTAYC(12/7)","50","100","50","100","65°C","37°C"
"32","BamHI §","G/GATCC","75*","100*","100","100*","No","37°C"
"33","BamHI-HF®","G/GATCC","100","50","10","100","No","37°C"
"34","BanI","G/GYRCC","10","25","","100","65°C","37°C"
"35","BanII","GRGCY/C","100","100","50","100","80°C","37°C"
"36","BbsI §","GAAGAC(2/6)","100","100","25","75","65°C","37°C"
"37","BbsI-HF®","GAAGAC(2/6)","10","10","10","100","65°C","37°C"
"38","BbvCI","CCTCAGC(-5/-2)","10","100","50","100","No","37°C"
"39","BbvI","GCAGC(8/12)","100","100","25","100","65°C","37°C"
"40","BccI","CCATC(4/5)","100","50","10","100","65°C","37°C"
"41","BceAI","ACGGC(12/14)","100*","100*","100","100*","65°C","37°C"
"42","BcgI","(10/12)CGANNNNNNTGC(12/10)","10","75*","100","50*","65°C","37°C"
"43","BciVI","GTATCC(6/5)","100","25","","100","80°C","37°C"
"44","BclI §","T/GATCA","50","100","100","75","No","50°C"
"45","BclI-HF","T/GATCA","100","100","10","100","65°C","37°C"
"46","BcoDI","GTCTC(1/5)","50","75","75","100","No","37°C"
"47","BfaI","C/TAG","","10","","100","80°C","37°C"
"48","BfuAI","ACCTGC(4/8)","","25","100","10","65°C","50°C"
"49","BglI","GCCNNNN/NGGC","10","25","100","10","65°C","37°C"
"50","BglII","A/GATCT","10","10","100","","No","37°C"
"51","BlpI","GC/TNAGC","50","100","10","100","No","37°C"
"52","BmgBI","CACGTC(-3/-3)","","10","100","10","65°C","37°C"
"53","BmrI","ACTGGG(5/4)","75","100","75","100*","65°C","37°C"
"54","BmtI §","GCTAG/C","100","100","100","100+","65°C","37°C"
"55","BmtI-HF®","GCTAG/C","50","100","10","100","65°C","37°C"
"56","BpmI","CTGGAG(16/14)","75","100","100","100*","65°C","37°C"
"57","BpuEI","CTTGAG(16/14)","50*","100","50*","100","65°C","37°C"
"58","Bpu10I","CCTNAGC(-5/-2)","10","25","100","25","80°C","37°C"
"59","BsaAI","YAC/GTR","100","100","100","100","No","37°C"
"60","BsaBI","GATNN/NNATC","50","100","75","100","80°C","60°C"
"61","BsaHI","GR/CGYC","50","100","100","100","80°C","37°C"
"62","BsaI-HF®v2","GGTCTC(1/5)","100","100","100","100","80°C","37°C"
"63","BsaJI","C/CNNGG","50","100","100","100","80°C","60°C"
"64","BsaWI","W/CCGGW","10","100","50","100","80°C","60°C"
"65","BsaXI","(9/12)ACNNNNNCTCC(10/7)","50*","100*","10","100","No","37°C"
"66","BseRI","GAGGAG(10/8)","100","100","75","100","80°C","37°C"
"67","BseYI","CCCAGC(-5/-1)","10","50","100","50","80°C","37°C"
"68","BsgI","GTGCAG(16/14)","25","50","25","100","65°C","37°C"
"69","BsiEI","CGRY/CG","25","50","","100","No","60°C"
"70","BsiHKAI","GWGCW/C","25","100","100","100","No","65°C"
"71","BsiWI §","C/GTACG","25","50*","100","25","65°C","55°C"
"72","BsiWI-HF®","C/GTACG","50","100","10","100","No","37°C"
"73","BslI","CCNNNNN/NNGG","50","75","100","100","No","55°C"
"74","BsmAI","GTCTC(1/5)","50","100","100","100","No","55°C"
"75","BsmBI-v2","CGTCTC","","50","100","25","80°C","55°C"
"76","BsmFI","GGGAC(10/14)","25","50","50","100","80°C","65°C"
"77","BsmI","GAATGC(1/-1)","25","100","","100","80°C","65°C"
"78","BsoBI","C/YCGRG","25","100","100","100","80°C","37°C"
"79","BspCNI","CTCAG(9/7)","100","75","10","100","80°C","37°C"
"80","BspDI","AT/CGAT","25","75","50","100","80°C","37°C"
"81","BspEI","T/CCGGA","","10","100","","80°C","37°C"
"82","BspHI","T/CATGA","10","50","25","100","80°C","37°C"
"83","Bsp1286I","GDGCH/C","25","25","25","100","65°C","37°C"
"84","BspMI","ACCTGC(4/8)","10","50*","100","10","65°C","37°C"
"85","BspQI","GCTCTTC(1/4)","100*","100*","100","100*","80°C","50°C"
"86","BsrBI","CCGCTC(-3/-3)","50","100","100","100","80°C","37°C"
"87","BsrDI","GCAATG(2/0)","10","100","75","25","80°C","65°C"
"88","BsrFI-v2","R/CCGGY","25","25","0","100","No","37°C"
"89","BsrGI §","T/GTACA","25","100","100","25","80°C","37°C"
"90","BsrGI-HF®","T/GTACA","10","100","100","100","80°C","37°C"
"91","BsrI","ACTGG(1/-1)","","50","100","10","80°C","65°C"
"92","BssHII","G/CGCGC","100","100","100","100","65°C","50°C"
"93","BssSI-v2","CACGAG(-5/-1)","10","25","","100","No","37°C"
"94","BstAPI","GCANNNN/NTGC","50","100","25","100","80°C","60°C"
"95","BstBI","TT/CGAA","75","100","10","100","No","65°C"
"96","BstEII  §","G/GTNACC","10","75*","100","75*","No","60°C"
"97","BstEII-HF®","G/GTNACC","","10","","100","No","37°C"
"98","BstNI","CC/WGG","10","100","100","75","No","60°C"
"99","BstUI","CG/CG","50","100","25","100","No","60°C"
"100","BstXI","CCANNNNN/NTGG","","50","100","25","80°C","37°C"
"101","BstYI","R/GATCY","25","100","75","100","No","60°C"
"102","BstZ17I-HF®","GTATAC","100","100","10","100","No","37°C"
"103","Bsu36I","CC/TNAGG","25","100","100","100","80°C","37°C"
"104","BtgI","C/CRYGG","50","100","100","100","80°C","37°C"
"105","BtgZI","GCGATG(10/14)","10","25","","100","80°C","60°C"
"106","BtsCI","GGATG(2/0)","10","100","25","100","80°C","50°C"
"107","BtsIMutI","CAGTG(2/0)","100","50","10","100","80°C","55°C"
"108","BtsI-v2","GCAGTG(2/0)","100","100","25","100","No","37°C"
"109","Cac8I","GCN/NGC","50","75","100","100","65°C","37°C"
"110","ClaI","AT/CGAT","10","50","50","100","65°C","37°C"
"111","CspCI","(11/13)CAANNNNNGTGG(12/10)","10","100","10","100","65°C","37°C"
"112","CviAII","C/ATG","50","50","10","100","65°C","25°C"
"113","CviKI-1","RG/CY","25","100","100","100","No","37°C"
"114","CviQI","G/TAC","75","100*","100","75*","No","25°C"
"115","DdeI","C/TNAG","75","100","100","100","65°C","37°C"
"116","DpnI","GA/TC","100","100","75","100","80°C","37°C"
"117","DpnII","/GATC","25","25","100*","25","65°C","37°C"
"118","DraI","TTT/AAA","75","75","50","100","65°C","37°C"
"119","DraIII-HF®","CACNNN/GTG","","50","10","100","No","37°C"
"120","DrdI","GACNNNN/NNGTC","25","50","10","100","65°C","37°C"
"121","EaeI","Y/GGCCR","10","50","","100","65°C","37°C"
"122","EagI-HF®","C/GGCCG","25","100","100","100","65°C","37°C"
"123","EarI","CTCTTC(1/4)","50","10","","100","65°C","37°C"
"124","EciI","GGCGGA(11/9)","100","50","50","100","65°C","37°C"
"125","Eco53kI","GAG/CTC","100","100","","100","65°C","37°C"
"126","EcoNI","CCTNN/NNNAGG","50","100","75","100","65°C","37°C"
"127","EcoO109I","RG/GNCCY","50","100","50","100","65°C","37°C"
"128","EcoP15I","CAGCAG(25/27)","75","100","100","100","65°C","37°C"
"129","EcoRI §","G/AATTC","25","100*","50","50*","65°C","37°C"
"130","EcoRI-HF®","G/AATTC","10","100","","100","65°C","37°C"
"131","EcoRV §","GAT/ATC","10","50","100","10","80°C","37°C"
"132","EcoRV-HF®","GAT/ATC","25","100","100","100","65°C","37°C"
"133","Esp3I","CGTCTC(1/5)","100","100","","100","65°C","37°C"
"134","FatI","/CATG","10","100","50","50","80°C","55°C"
"135","FauI","CCCGC(4/6)","100","50","10","100","65°C","55°C"
"136","Fnu4HI","GC/NGC","","","","100","No","37°C"
"137","FokI","GGATG(9/13)","100","100","75","100","65°C","37°C"
"138","FseI","GGCCGG/CC","100","75","","100","65°C","37°C"
"139","FspEI","CC(12/16)","","","","100","80°C","37°C"
"140","FspI","TGC/GCA","10","100","10","100","No","37°C"
"141","HaeII","RGCGC/Y","25","100","10","100","80°C","37°C"
"142","HaeIII","GG/CC","50","100","25","100","80°C","37°C"
"143","HgaI","GACGC(5/10)","100","100","25","100*","65°C","37°C"
"144","HhaI","GCG/C","25","100","100","100","65°C","37°C"
"145","HincII","GTY/RAC","25","100","100","100","65°C","37°C"
"146","HindIII §","A/AGCTT","25","100","50","50","80°C","37°C"
"147","HindIII-HF®","A/AGCTT","10","100","10","100","80°C","37°C"
"148","HinfI","G/ANTC","50","100","100","100","80°C","37°C"
"149","HinP1I","G/CGC","100","100","100","100","65°C","37°C"
"150","HpaI","GTT/AAC","","75*","25","100","No","37°C"
"151","HpaII","C/CGG","100","50","","100","80°C","37°C"
"152","HphI","GGTGA(8/7)","50","50","","100","65°C","37°C"
"153","HpyAV","CCTTC(6/5)","100","100","25","100","65°C","37°C"
"154","HpyCH4III","ACN/GT","100","25","","100","65°C","37°C"
"155","HpyCH4IV","A/CGT","100","50","25","100","65°C","37°C"
"156","HpyCH4V","TG/CA","50","50","25","100","65°C","37°C"
"157","Hpy99I","CGWCG/","50","10","","100","65°C","37°C"
"158","Hpy188I","TCN/GA","25","100","50","100","65°C","37°C"
"159","Hpy166II","GTN/NAC","100","100","50","100","65°C","37°C"
"160","Hpy188III","TC/NNGA","100","100","10","100","65°C","37°C"
"161","I-CeuI","TAACTATAACGGTCCTAAGGTAGCGAA(-9/-13)","10","10","10","100","65°C","37°C"
"162","I-SceI","TAGGGATAACAGGGTAAT(-9/-13)","10","50","25","100","65°C","37°C"
"163","KasI","G/GCGCC","50","100","50","100","65°C","37°C"
"164","KpnI-HF®","GGTAC/C","100","25","","100","No","37°C"
"165","LpnPI","CCDG(10/14)","","","","100","65°C","37°C"
"166","MboI","/GATC","75","100","100","100","65°C","37°C"
"167","MboII","GAAGA(8/7)","100*","100","50","100","65°C","37°C"
"168","MfeI-HF®","C/AATTG","75","25","","100","No","37°C"
"169","MluCI","/AATT","100","10","10","100","No","37°C"
"170","MluI §","A/CGCGT","10","50","100","25","80°C","37°C"
"171","MluI-HF®","A/CGCGT","25","100","100","100","No","37°C"
"172","MlyI","GAGTC(5/5)","50","50","10","100","65°C","37°C"
"173","MmeI","TCCRAC(20/18)","50","100","50","100","65°C","37°C"
"174","MnlI","CCTC(7/6)","75","100","50","100","65°C","37°C"
"175","MscI","TGG/CCA","25","100","100","100","80°C","37°C"
"176","MseI","T/TAA","75","100","75","100","65°C","37°C"
"177","MslI","CAYNN/NNRTG","50","50","","100","80°C","37°C"
"178","MspA1I","CMG/CKG","10","50","10","100","65°C","37°C"
"179","MspI","C/CGG","75","100","50","100","No","37°C"
"180","MspJI","CNNR(9/13)","","","","100","65°C","37°C"
"181","MwoI","GCNNNNN/NNGC","","100","100","100","No","60°C"
"182","NaeI","GCC/GGC","25","25","","100","No","37°C"
"183","NarI","GG/CGCC","100","100","10","100","65°C","37°C"
"184","Nb.BbvCI","CCTCAGC","25","100","100","100","80°C","37°C"
"185","Nb.BsmI","GAATGC","","50","100","10","80°C","65°C"
"186","Nb.BsrDI","GCAATG","25","100","100","100","80°C","65°C"
"187","Nb.BssSI","CACGAG","10","100","100","25","No","37°C"
"188","Nb.BtsI","GCAGTG","75","100","75","100","80°C","37°C"
"189","NciI","CC/SGG","100","25","10","100","No","37°C"
"190","NcoI §","C/CATGG","100","100","100","100+","80°C","37°C"
"191","NcoI-HF®","C/CATGG","50","100","10","100","80°C","37°C"
"192","NdeI","CA/TATG","75","100","100","100","65°C","37°C"
"193","NgoMIV","G/CCGGC","100","50","10","100","No","37°C"
"194","NheI-HF®","G/CTAGC","100","25","10","100","80°C","37°C"
"195","NlaIII","CATG/","","","","100","65°C","37°C"
"196","NlaIV","GGN/NCC","10","10","10","100","65°C","37°C"
"197","NmeAIII","GCCGAG(21/19)","10","10","","100","65°C","37°C"
"198","NotI §","GC/GGCCGC","","50","100","25","65°C","37°C"
"199","NotI-HF®","GC/GGCCGC","25","100","25","100","65°C","37°C"
"200","NruI §","TCG/CGA","","10","100","10","No","37°C"
"201","NruI-HF®","TCG/CGA","0","25","50","100","No","37°C"
"202","NsiI §","ATGCA/T","10","75","100","25","65°C","37°C"
"203","NsiI-HF®","ATGCA/T","","20","","100","80°C","37°C"
"204","NspI","RCATG/Y","100","100","","100","65°C","37°C"
"205","Nt.AlwI","GGATC(4/-5)","10","100","100","100","80°C","37°C"
"206","Nt.BbvCI","CCTCAGC(-5/-7)","50","100","10","100","80°C","37°C"
"207","Nt.BsmAI","GTCTC(1/-5)","100","50","10","100","65°C","37°C"
"208","Nt.BspQI","GCTCTTC(1/-7)","","25","100","10","80°C","50°C"
"209","Nt.BstNBI","GAGTC(4/-5)","0","10","100","10","80°C","55°C"
"210","Nt.CviPII","(0/-1)CCD","10","100","25","100","65°C","37°C"
"211","PacI","TTAAT/TAA","100","75","10","100","65°C","37°C"
"212","PaeR7I","C/TCGAG","25","100","10","100","No","37°C"
"213","PaqCI","CACCTGC(4/8)","10","100","10","100","65°C","37°C"
"214","PciI","A/CATGT","50","75","100","50*","80°C","37°C"
"215","PflFI","GACN/NNGTC","25","100","25","100","65°C","37°C"
"216","PflMI","CCANNNN/NTGG","0","100","100","50","65°C","37°C"
"217","PI-PspI","TGGCAAACAGCTATTATGGGTATTATGGGT(-13/-17)","10","10","10","10","No","65°C"
"218","PI-SceI","ATCTATGTCGGGTGCGGAGAAAGAGGTAAT(-15/-19)","10","10","10","10","65°C","37°C"
"219","PleI","GAGTC(4/5)","25","50","25","100","65°C","37°C"
"220","PluTI","GGCGC/C","100","25","","100","65°C","37°C"
"221","PmeI","GTTT/AAAC","","50","10","100","65°C","37°C"
"222","PmlI","CAC/GTG","100","50","","100","65°C","37°C"
"223","PpuMI","RG/GWCCY","","","","100","No","37°C"
"224","PshAI","GACNN/NNGTC","25","50","10","100","65°C","37°C"
"225","PsiI-v2","TTA/TAA","25","50","10","100","65°C","37°C"
"226","PspGI","/CCWGG","25","100","50","100","No","75°C"
"227","PspOMI","G/GGCCC","10","10","","100","65°C","37°C"
"228","PspXI","VC/TCGAGB","","100","25","100","No","37°C"
"229","PstI §","CTGCA/G","75","75","100","50*","80°C","37°C"
"230","PstI-HF®","CTGCA/G","10","75","50","100","No","37°C"
"231","PvuI §","CGAT/CG","","25","100","","No","37°C"
"232","PvuI-HF®","CGAT/CG","25","100","100","100","No","37°C"
"233","PvuII §","CAG/CTG","50","100","100","100*","No","37°C"
"234","PvuII-HF®","CAG/CTG","","","","100","No","37°C"
"235","RsaI","GT/AC","25","50","","100","No","37°C"
"236","RsrII","CG/GWCCG","25","75","10","100","65°C","37°C"
"237","SacI-HF®","GAGCT/C","10","50","","100","65°C","37°C"
"238","SacII","CCGC/GG","10","100","10","100","65°C","37°C"
"239","SalI §","G/TCGAC","","","100","","65°C","37°C"
"240","SalI-HF®","G/TCGAC","10","100","100","100","65°C","37°C"
"241","SapI","GCTCTTC(1/4)","75","50","","100","65°C","37°C"
"242","Sau3AI","/GATC","100","50","10","100+","65°C","37°C"
"243","Sau96I","G/GNCC","50","100","100","100","65°C","37°C"
"244","SbfI-HF®","CCTGCA/GG","50","25","","100","80°C","37°C"
"245","ScaI-HF®","AGT/ACT","100","100","10","100","80°C","37°C"
"246","ScrFI","CC/NGG","100","100","100","100","65°C","37°C"
"247","SexAI","A/CCWGGT","100","75","50","100","65°C","37°C"
"248","SfaNI","GCATC(5/9)","","75","100","25","65°C","37°C"
"249","SfcI","C/TRYAG","75","50","25","100","65°C","37°C"
"250","SfiI","GGCCNNNN/NGGCC","25","100","50","100","No","50°C"
"251","SfoI","GGC/GCC","50","100","100","100","No","37°C"
"252","SgrAI","CR/CCGGYG","100","100","10","100","65°C","37°C"
"253","SmaI","CCC/GGG","","","","100","65°C","25°C"
"254","SmlI","C/TYRAG","25","75","25","100","No","55°C"
"255","SnaBI","TAC/GTA","50*","50","10","100","80°C","37°C"
"256","SpeI-HF®","A/CTAGT","25","50","10","100","80°C","37°C"
"257","SphI §","GCATG/C","100","100","50","100+","65°C","37°C"
"258","SphI-HF®","GCATG/C","50","25","10","100","65°C","37°C"
"259","SrfI","GCCC/GGGC","10","50","0","100","65°C","37°C"
"260","SspI §","AAT/ATT","50","100","50","50","65°C","37°C"
"261","SspI-HF®","AAT/ATT","25","100","","100","65°C","37°C"
"262","StuI","AGG/CCT","50","100","50","100","No","37°C"
"263","StyD4I","/CCNGG","10","100","100","100","65°C","37°C"
"264","StyI-HF®","C/CWWGG","25","100","25","100","65°C","37°C"
"265","SwaI","ATTT/AAAT","10","10","100","10","65°C","25°C"
"266","TaqI-v2","T/CGA","50","100","50","100","No","65°C"
"267","TfiI","G/AWTC","50","100","100","100","No","65°C"
"268","TseI","G/CWGC","75","100","100","100","No","65°C"
"269","Tsp45I","/GTSAC","100","50","","100","No","65°C"
"270","TspMI","C/CCGGG","50*","75*","50*","100","No","75°C"
"271","TspRI","NNCASTGNN/","25","50","25","100","No","65°C"
"272","Tth111I","GACN/NNGTC","25","100","25","100","No","65°C"
"273","WarmStart® Nt.BstNBI","GAGTC(4/-5)","0","10","100","25","80°C","55°C"
"274","XbaI","T/CTAGA","","100","75","100","65°C","37°C"
"275","XcmI","CCANNNNN/NNNNTGG","10","100","25","100*","65°C","37°C"
"276","XhoI","C/TCGAG","75","100","100","100","65°C","37°C"
"277","XmaI","C/CCGGG","25","50","","100","65°C","37°C"
"278","XmnI","GAANN/NNTTC","50","75","","100","65°C","37°C"
"279","ZraI","GAC/GTC","100","25","10","100","80°C","37°C"
